step,time_s,total_mass,expected_mass,relative_error_vs_expected
0,0.0,0.007851885281603457,1.0,0.0
1,0.01,0.007851877749707189,0.007851877429722102,4.075264418190767e-08
2,0.02,0.007851870220134598,0.007851869577848598,8.180022725646012e-08
3,0.03,0.00785186269227767,0.007851861725982946,1.2306531363305034e-07
4,0.04,0.007851855165801279,0.007851853874125146,1.6450522212787878e-07
5,0.05,0.007851847640498878,0.007851846022275196,2.0609364805438768e-07
6,0.06,0.007851840116230585,0.007851838170433102,2.4781277533009377e-07
7,0.07,0.007851832592894827,0.007851830318598856,2.8964966867625153e-07
8,0.08,0.007851825070413836,0.007851822466772464,3.315944233222122e-07
9,0.09,0.007851817548725982,0.007851814614953923,3.736391902586334e-07
10,0.1,0.007851810027780959,0.007851806763143234,4.1577756271258397e-07
11,0.11,0.007851802507536518,0.007851798911340396,4.5800415991387417e-07
12,0.12,0.007851794987956963,0.00785179105954541,5.003144355480319e-07
13,0.13,0.007851787469011353,0.007851783207758277,5.427044490929011e-07
14,0.14,0.007851779950672554,0.007851775355978996,5.851707447485515e-07
15,0.15,0.007851772432916857,0.007851767504207565,6.277103032743582e-07
16,0.16,0.007851764915722757,0.007851759652443988,6.7032038556998e-07
17,0.17,0.007851757399071065,0.007851751800688261,7.129985479195855e-07
18,0.18,0.007851749882944572,0.007851743948940386,7.557425984684814e-07
19,0.19,0.0078517423673273,0.007851736097200362,7.985505026647205e-07
20,0.2,0.007851734852204676,0.007851728245468191,8.414204038056678e-07
21,0.21,0.007851727337563385,0.007851720393743872,8.843506066891197e-07
22,0.22,0.00785171982339099,0.007851712542027404,9.273395274620074e-07
23,0.23,0.007851712309676108,0.007851704690318788,9.703857159344097e-07
24,0.24,0.007851704796407814,0.007851696838618024,1.0134877809049357e-06
25,0.25,0.007851697283576202,0.00785168898692511,1.0566444610795175e-06
26,0.26,0.007851689771171818,0.00785168113524005,1.0998545519433095e-06
27,0.27,0.007851682259185772,0.00785167328356284,1.1431169216677059e-06
28,0.28,0.00785167474760981,0.007851665431893482,1.1864305188429212e-06
29,0.29,0.007851667236435997,0.007851657580231977,1.2297943327104407e-06
30,0.3,0.007851659725656716,0.007851649728578321,1.2732073936048834e-06
31,0.31,0.00785165221526501,0.00785164187693252,1.3166688151517878e-06
32,0.32,0.007851644705254101,0.007851634025294568,1.3601777343953603e-06
33,0.33,0.00785163719561762,0.007851626173664469,1.4037333398566884e-06
34,0.34,0.007851629686349363,0.00785161832204222,1.4473348419290113e-06
35,0.35000000000000003,0.007851622177443462,0.007851610470427824,1.490981492761494e-06
36,0.36,0.007851614668894296,0.00785160261882128,1.5346725765382703e-06
37,0.37,0.0078516071606966,0.007851594767222586,1.5784074231761546e-06
38,0.38,0.00785159965284515,0.007851586915631745,1.6221853667896473e-06
39,0.39,0.00785159214533499,0.007851579064048755,1.6660057764003177e-06
40,0.4,0.007851584638161359,0.007851571212473618,1.7098680455530578e-06
41,0.41000000000000003,0.00785157713131977,0.00785156336090633,1.7537716033626212e-06
42,0.42,0.007851569624805772,0.007851555509346896,1.797715882257724e-06
43,0.43,0.00785156211861508,0.007851547657795312,1.8417003369810956e-06
44,0.44,0.007851554612743715,0.007851539806251579,1.8857244604964975e-06
45,0.45,0.007851547107187593,0.007851531954715699,1.929787732511842e-06
46,0.46,0.007851539601942938,0.00785152410318767,1.973889672502589e-06
47,0.47000000000000003,0.00785153209700607,0.007851516251667493,2.0180298116535336e-06
48,0.48,0.007851524592373413,0.007851508400155168,2.0622076946262492e-06
49,0.49,0.007851517088041451,0.007851500548650693,2.106422873593958e-06
50,0.5,0.007851509584006811,0.007851492697154069,2.1506749190671403e-06
51,0.51,0.00785150208026632,0.007851484845665299,2.194963426300529e-06
52,0.52,0.00785149457681676,0.007851476994184379,2.2392879863511707e-06
53,0.53,0.00785148707365503,0.00785146914271131,2.2836482039738237e-06
54,0.54,0.00785147957077823,0.007851461291246094,2.3280437093302904e-06
55,0.55,0.007851472068183391,0.007851453439788728,2.3724741250707253e-06
56,0.56,0.0078514645658677,0.007851445588339213,2.4169390926244035e-06
57,0.5700000000000001,0.007851457063828388,0.007851437736897551,2.4614382589438695e-06
58,0.58,0.007851449562062851,0.007851429885463739,2.5059712930747513e-06
59,0.59,0.00785144206056841,0.00785142203403778,2.5505378532370654e-06
60,0.6,0.007851434559342601,0.007851414182619672,2.5951376259299744e-06
61,0.61,0.007851427058382784,0.007851406331209414,2.639770275117697e-06
62,0.62,0.007851419557686786,0.007851398479807009,2.6844355235320505e-06
63,0.63,0.007851412057252082,0.007851390628412456,2.7291330499396185e-06
64,0.64,0.00785140455707644,0.007851382777025752,2.773862570223363e-06
65,0.65,0.007851397057157537,0.0078513749256469,2.81862378811505e-06
66,0.66,0.00785138955749328,0.007851367074275901,2.8634164371721076e-06
67,0.67,0.00785138205808142,0.007851359222912753,2.90824023128912e-06
68,0.68,0.007851374558919925,0.007851351371557454,2.9530949115351635e-06
69,0.6900000000000001,0.007851367060006761,0.007851343520210009,2.9979802185374513e-06
70,0.7000000000000001,0.00785135956133988,0.007851335668870415,3.0428958915976132e-06
71,0.71,0.007851352062917332,0.007851327817538672,3.0878416826103348e-06
72,0.72,0.007851344564737186,0.00785131996621478,3.1328173454586794e-06
73,0.73,0.007851337066797585,0.007851312114898739,3.177822643967597e-06
74,0.74,0.007851329569096607,0.00785130426359055,3.2228573329038755e-06
75,0.75,0.00785132207163259,0.007851296412290211,3.2679212008367164e-06
76,0.76,0.007851314574403615,0.007851288560997725,3.313014003195699e-06
77,0.77,0.007851307077408033,0.00785128070971309,3.358135530096542e-06
78,0.78,0.007851299580644143,0.007851272858436306,3.4032855650270383e-06
79,0.79,0.00785129208411025,0.007851265007167374,3.4484638916959135e-06
80,0.8,0.007851284587804729,0.007851257155906292,3.493670303753778e-06
81,0.81,0.007851277091725967,0.00785124930465306,3.5389045955140363e-06
82,0.8200000000000001,0.007851269595872394,0.007851241453407681,3.584166566813363e-06
83,0.8300000000000001,0.007851262100242446,0.007851233602170155,3.6294560183721554e-06
84,0.84,0.007851254604834611,0.007851225750940478,3.674772758201529e-06
85,0.85,0.007851247109647448,0.007851217899718653,3.720116602266108e-06
86,0.86,0.007851239614679394,0.007851210048504679,3.7654873517281525e-06
87,0.87,0.00785123211992908,0.007851202197298556,3.8108848322732425e-06
88,0.88,0.007851224625395097,0.007851194346100284,3.856308864284619e-06
89,0.89,0.007851217131075963,0.007851186494909863,3.901759259308291e-06
90,0.9,0.007851209636970415,0.007851178643727294,3.947235856064757e-06
91,0.91,0.007851202143077052,0.007851170792552577,3.992738476262844e-06
92,0.92,0.007851194649394563,0.007851162941385709,4.03826695332071e-06
93,0.93,0.007851187155921664,0.007851155090226693,4.083821123307686e-06
94,0.9400000000000001,0.007851179662657044,0.00785114723907553,4.1294008192000695e-06
95,0.9500000000000001,0.007851172169599449,0.007851139387932214,4.175005881927667e-06
96,0.96,0.007851164676747709,0.007851131536796752,4.2206361616993825e-06
97,0.97,0.007851157184100494,0.007851123685669141,4.266291489503135e-06
98,0.98,0.00785114969165666,0.007851115834549382,4.311971719524583e-06
99,0.99,0.007851142199414986,0.007851107983437472,4.357676696449355e-06
100,1.0,0.00785113470737435,0.007851100132333415,4.403406276893351e-06
101,1.01,0.007851127215533632,0.007851092281237208,4.44916031901898e-06
102,1.02,0.00785111972389161,0.007851084430148852,4.494938666628151e-06
103,1.03,0.007851112232447255,0.007851076579068347,4.5407411887088864e-06
104,1.04,0.007851104741199376,0.007851068727995694,4.586567733702641e-06
105,1.05,0.007851097250146965,0.00785106087693089,4.632418173469539e-06
106,1.06,0.007851089759288934,0.00785105302587394,4.678292368823159e-06
107,1.07,0.007851082268624208,0.00785104517482484,4.724190183449188e-06
108,1.08,0.007851074778151864,0.00785103732378359,4.770111499370562e-06
109,1.09,0.007851067287870725,0.007851029472750192,4.816056167017117e-06
110,1.1,0.007851059797779872,0.007851021621724645,4.862024069074585e-06
111,1.11,0.007851052307878267,0.007851013770706948,4.908015073647264e-06
112,1.12,0.00785104481816497,0.007851005919697104,4.954029060548788e-06
113,1.1300000000000001,0.007851037328638977,0.00785099806869511,5.000065902523001e-06
114,1.1400000000000001,0.007851029839299363,0.007850990217700965,5.046125481592846e-06
115,1.1500000000000001,0.007851022350145169,0.007850982366714674,5.092207675141715e-06
116,1.16,0.007851014861175471,0.007850974515736232,5.138312366076272e-06
117,1.17,0.007851007372389343,0.007850966664765643,5.184439435977595e-06
118,1.18,0.007850999883785938,0.007850958813802903,5.230588777252376e-06
119,1.19,0.00785099239536422,0.007850950962848014,5.276760258225842e-06
120,1.2,0.007850984907123446,0.007850943111900977,5.322953783676809e-06
121,1.21,0.007850977419062634,0.00785093526096179,5.369169229000294e-06
122,1.22,0.007850969931181045,0.007850927410030456,5.415406499637904e-06
123,1.23,0.007850962443477733,0.00785091955910697,5.461665475845132e-06
124,1.24,0.00785095495595184,0.007850911708191338,5.5079460475984306e-06
125,1.25,0.007850947468602662,0.007850903857283554,5.554248125641745e-06
126,1.26,0.007850939981429264,0.007850896006383622,5.600571590672433e-06
127,1.27,0.007850932494430932,0.007850888155491542,5.646916351887925e-06
128,1.28,0.007850925007606724,0.007850880304607311,5.693282289543715e-06
129,1.29,0.007850917520955963,0.007850872453730931,5.739669317034921e-06
130,1.3,0.007850910034477835,0.007850864602862403,5.786077330744988e-06
131,1.31,0.007850902548171572,0.007850856752001726,5.83250623302249e-06
132,1.32,0.00785089506203638,0.007850848901148899,5.878955922681112e-06
133,1.33,0.007850887576071556,0.007850841050303925,5.925426310022939e-06
134,1.34,0.007850880090276314,0.0078508331994668,5.97191729518724e-06
135,1.35,0.007850872604649946,0.007850825348637526,6.018428788255169e-06
136,1.36,0.007850865119191686,0.007850817497816102,6.064960691133442e-06
137,1.37,0.00785085763390081,0.00785080964700253,6.1115129116939036e-06
138,1.3800000000000001,0.007850850148776654,0.00785080179619681,6.158085365540982e-06
139,1.3900000000000001,0.007850842663818483,0.007850793945398938,6.204677959220938e-06
140,1.4000000000000001,0.007850835179025597,0.007850786094608918,6.251290603256789e-06
141,1.41,0.007850827694397293,0.007850778243826748,6.297923208392481e-06
142,1.42,0.007850820209932911,0.007850770393052429,6.344575690453373e-06
143,1.43,0.007850812725631765,0.007850762542285962,6.391247961950856e-06
144,1.44,0.007850805241493194,0.007850754691527346,6.437939938710289e-06
145,1.45,0.007850797757516525,0.007850746840776579,6.484651535231443e-06
146,1.46,0.007850790273701004,0.007850738990033664,6.53138265540941e-06
147,1.47,0.007850782790046211,0.007850731139298598,6.578133245778931e-06
148,1.48,0.007850775306551332,0.007850723288571384,6.624903202502518e-06
149,1.49,0.007850767823215764,0.007850715437852021,6.671692448917177e-06
150,1.5,0.00785076034003892,0.00785070758714051,6.7185009101273584e-06
151,1.51,0.00785075285702016,0.007850699736436848,6.7653285048305195e-06
152,1.52,0.00785074537415884,0.007850691885741036,6.812175151061326e-06
153,1.53,0.00785073789145432,0.007850684035053077,6.859040766854441e-06
154,1.54,0.0078507304089061,0.007850676184372966,6.905925289244581e-06
155,1.55,0.007850722926513495,0.007850668333700708,6.952828630301277e-06
156,1.56,0.007850715444275952,0.007850660483036299,6.9997507199894615e-06
157,1.57,0.007850707962192902,0.007850652632379742,7.04669148562289e-06
158,1.58,0.00785070048026371,0.007850644781731034,7.093650846561815e-06
159,1.59,0.007850692998487853,0.007850636931090178,7.140628736085126e-06
160,1.6,0.00785068551686472,0.007850629080457172,7.187625076646106e-06
161,1.61,0.007850678035393754,0.007850621229832017,7.234639796663167e-06
162,1.62,0.007850670554074398,0.007850613379214713,7.281672825659376e-06
163,1.6300000000000001,0.007850663072906149,0.007850605528605259,7.328724099564797e-06
164,1.6400000000000001,0.00785065559188841,0.007850597678003656,7.375793542158294e-06
165,1.6500000000000001,0.00785064811102061,0.007850589827409903,7.422881080974557e-06
166,1.6600000000000001,0.007850640630302282,0.007850581976824,7.469986656362265e-06
167,1.67,0.007850633149732847,0.007850574126245949,7.517110194751454e-06
168,1.68,0.007850625669311741,0.007850566275675748,7.564251624118674e-06
169,1.69,0.007850618189038506,0.007850558425113398,7.611410885917259e-06
170,1.7,0.007850610708912617,0.007850550574558898,7.658587913867961e-06
171,1.71,0.007850603228933557,0.007850542724012248,7.705782641912465e-06
172,1.72,0.00785059574910077,0.007850534873473449,7.752994998911044e-06
173,1.73,0.007850588269413759,0.007850527022942502,7.800224921898414e-06
174,1.74,0.007850580789872138,0.007850519172419404,7.847472361607006e-06
175,1.75,0.007850573310475213,0.007850511321904157,7.894737229664485e-06
176,1.76,0.007850565831222702,0.00785050347139676,7.94201949028006e-06
177,1.77,0.007850558352113964,0.007850495620897213,7.989319061709325e-06
178,1.78,0.007850550873148546,0.007850487770405519,8.036635886068407e-06
179,1.79,0.007850543394326039,0.007850479919921674,8.083969911438562e-06
180,1.8,0.007850535915645867,0.007850472069445679,8.131321064691688e-06
181,1.81,0.007850528437107622,0.007850464218977534,8.178689293688109e-06
182,1.82,0.00785052095871084,0.007850456368517241,8.226074538997435e-06
183,1.83,0.007850513480454995,0.007850448518064797,8.273476734340418e-06
184,1.84,0.00785050600233972,0.007850440667620204,8.320895832437863e-06
185,1.85,0.007850498524364473,0.007850432817183462,8.368331764138423e-06
186,1.86,0.007850491046528893,0.007850424966754569,8.415784484151278e-06
187,1.87,0.00785048356883246,0.007850417116333528,8.46325392553439e-06
188,1.8800000000000001,0.007850476091274716,0.007850409265920337,8.51074003018295e-06
189,1.8900000000000001,0.00785046861385526,0.007850401415514997,8.55824274706194e-06
190,1.9000000000000001,0.007850461136573703,0.007850393565117507,8.605762026903787e-06
191,1.9100000000000001,0.007850453659429468,0.007850385714727867,8.653297795917595e-06
192,1.92,0.007850446182422297,0.007850377864346078,8.700850021184672e-06
193,1.93,0.00785043870555159,0.007850370013972138,8.748418626704816e-06
194,1.94,0.007850431228817088,0.007850362163606048,8.79600357911747e-06
195,1.95,0.007850423752218295,0.00785035431324781,8.84360481523642e-06
196,1.96,0.00785041627575477,0.007850346462897421,8.891222279166168e-06
197,1.97,0.007850408799426035,0.007850338612554884,8.938855909708876e-06
198,1.98,0.007850401323231879,0.007850330762220198,8.986505679910985e-06
199,1.99,0.007850393847171757,0.007850322911893361,9.034171520842077e-06
200,2.0,0.007850386371245284,0.007850315061574374,9.081853383234577e-06
201,2.0100000000000002,0.007850378895452117,0.007850307211263237,9.129551223565115e-06
202,2.02,0.007850371419791714,0.007850299360959951,9.177264972461413e-06
203,2.0300000000000002,0.007850363944263838,0.007850291510664515,9.224994600097807e-06
204,2.04,0.00785035646886799,0.00785028366037693,9.272740042625293e-06
205,2.05,0.007850348993603843,0.007850275810097194,9.320501258508873e-06
206,2.06,0.00785034151847101,0.007850267959825309,9.368278198480975e-06
207,2.07,0.007850334043469086,0.007850260109561275,9.416070811064717e-06
208,2.08,0.007850326568597642,0.00785025225930509,9.463879041469258e-06
209,2.09,0.007850319093856384,0.007850244409056756,9.511702852136353e-06
210,2.1,0.007850311619244906,0.007850236558816271,9.559542191810052e-06
211,2.11,0.007850304144762859,0.007850228708583639,9.607397015420471e-06
212,2.12,0.007850296670409795,0.007850220858358854,9.655267266630248e-06
213,2.13,0.007850289196185469,0.007850213008141921,9.703152913625342e-06
214,2.14,0.007850281722089405,0.007850205157932838,9.751053896091642e-06
215,2.15,0.007850274248121299,0.007850197307731606,9.798970175145323e-06
216,2.16,0.007850266774280756,0.007850189457538223,9.846901700635084e-06
217,2.17,0.007850259300567503,0.00785018160735269,9.89484843787479e-06
218,2.18,0.007850251826981085,0.007850173757175009,9.942810328538705e-06
219,2.19,0.007850244353521172,0.007850165907005177,9.990787330870899e-06
220,2.2,0.007850236880187518,0.007850158056843195,1.0038779413720128e-05
221,2.21,0.007850229406979615,0.007850150206689062,1.008678651213273e-05
222,2.22,0.00785022193389726,0.00785014235654278,1.01348086002598e-05
223,2.23,0.007850214460940034,0.007850134506404349,1.0182845624636076e-05
224,2.24,0.007850206988107629,0.007850126656273769,1.0230897546156806e-05
225,2.25,0.007850199515399682,0.007850118806151038,1.0278964318647445e-05
226,2.2600000000000002,0.00785019204281586,0.007850110956036155,1.0327045900131138e-05
227,2.27,0.007850184570355828,0.007850103105929124,1.0375142247084513e-05
228,2.2800000000000002,0.007850177098019329,0.007850095255829944,1.042325332703074e-05
229,2.29,0.007850169625805963,0.007850087405738613,1.0471379089376657e-05
230,2.3000000000000003,0.00785016215371548,0.007850079555655132,1.0519519502087299e-05
231,2.31,0.007850154681747377,0.007850071705579501,1.0567674501092724e-05
232,2.32,0.007850147209901527,0.007850063855511721,1.0615844070044053e-05
233,2.33,0.00785013973817751,0.007850056005451791,1.0664028155696958e-05
234,2.34,0.007850132266575037,0.00785004815539971,1.071222672137692e-05
235,2.35,0.0078501247950938,0.00785004030535548,1.0760439727537325e-05
236,2.36,0.007850117323733488,0.0078500324553191,1.0808667134631554e-05
237,2.37,0.007850109852493825,0.00785002460529057,1.0856908907531604e-05
238,2.38,0.007850102381374414,0.00785001675526989,1.0905164995865252e-05
239,2.39,0.007850094910374972,0.007850008905257059,1.095343536339984e-05
240,2.4,0.00785008743949529,0.007850001055252078,1.100171998362367e-05
241,2.41,0.007850079968734934,0.007849993205254948,1.1050018801083106e-05
242,2.42,0.007850072498093733,0.007849985355265668,1.1098331794126925e-05
243,2.43,0.007850065027571268,0.007849977505284237,1.1146658909510802e-05
244,2.44,0.007850057557167294,0.007849969655310656,1.1195000115862559e-05
245,2.45,0.007850050086881563,0.007849961805344927,1.1243355381589086e-05
246,2.46,0.00785004261671372,0.007849953955387047,1.129172466139957e-05
247,2.47,0.007850035146663473,0.007849946105437017,1.1340107918398557e-05
248,2.48,0.007850027676730596,0.007849938255494836,1.1388505123644111e-05
249,2.49,0.007850020206914736,0.007849930405560505,1.1436916232287279e-05
250,2.5,0.007850012737215637,0.007849922555634025,1.1485341211409365e-05
251,2.5100000000000002,0.007850005267633025,0.007849914705715394,1.1533780026545159e-05
252,2.52,0.007849997798166563,0.007849906855804613,1.1582232634392224e-05
253,2.5300000000000002,0.007849990328816022,0.007849899005901682,1.1630699006008619e-05
254,2.54,0.00784998285958116,0.007849891156006601,1.1679179110464029e-05
255,2.5500000000000003,0.007849975390461608,0.00784988330611937,1.1727672900921122e-05
256,2.56,0.007849967921457137,0.00784987545623999,1.1776180347996096e-05
257,2.57,0.007849960452567504,0.007849867606368459,1.1824701420758638e-05
258,2.58,0.007849952983792397,0.007849859756504776,1.187323607988306e-05
259,2.59,0.007849945515131585,0.007849851906648945,1.19217842955437e-05
260,2.6,0.007849938046584676,0.007849844056800963,1.1970346017810195e-05
261,2.61,0.00784993057815157,0.007849836206960831,1.2018921234089485e-05
262,2.62,0.007849923109831933,0.00784982835712855,1.2067509901741923e-05
263,2.63,0.007849915641625502,0.007849820507304118,1.2116111987406955e-05
264,2.64,0.007849908173532061,0.007849812657487534,1.2164727463689157e-05
265,2.65,0.007849900705551228,0.007849804807678802,1.2213356281541888e-05
266,2.66,0.00784989323768286,0.00784979695787792,1.2261998422848822e-05
267,2.67,0.007849885769926646,0.007849789108084886,1.23106538485052e-05
268,2.68,0.00784987830228238,0.007849781258299703,1.2359322531778393e-05
269,2.69,0.007849870834749733,0.00784977340852237,1.2408004430691547e-05
270,2.7,0.007849863367328538,0.007849765558752886,1.2456699524256233e-05
271,2.71,0.007849855900018458,0.007849757708991252,1.2505407769611869e-05
272,2.72,0.00784984843281929,0.007849749859237469,1.255412914046769e-05
273,2.73,0.007849840965730824,0.007849742009491534,1.2602863610532927e-05
274,2.74,0.007849833498752715,0.007849734159753449,1.2651611135842346e-05
275,2.75,0.007849826031884818,0.007849726310023215,1.2700371697616827e-05
276,2.7600000000000002,0.007849818565126803,0.007849718460300829,1.2749145254100446e-05
277,2.77,0.007849811098478512,0.007849710610586293,1.2797931785188496e-05
278,2.7800000000000002,0.007849803631939649,0.007849702760879608,1.2846731252880877e-05
279,2.79,0.007849796165509989,0.007849694911180772,1.2895543628677511e-05
280,2.8000000000000003,0.00784978869918928,0.007849687061489785,1.2944368880764362e-05
281,2.81,0.007849781232977372,0.007849679211806649,1.2993206989699516e-05
282,2.82,0.00784977376687388,0.007849671362131362,1.304205790643633e-05
283,2.83,0.007849766300878691,0.007849663512463925,1.3090921616835233e-05
284,2.84,0.007849758834991486,0.007849655662804338,1.3139798080024022e-05
285,2.85,0.00784975136921208,0.0078496478131526,1.318868727258403e-05
286,2.86,0.00784974390354028,0.00784963996350871,1.3237589170212865e-05
287,2.87,0.007849736437975784,0.007849632113872672,1.3286503733805771e-05
288,2.88,0.007849728972518403,0.007849624264244483,1.3335430939723154e-05
289,2.89,0.007849721507167947,0.007849616414624144,1.338437076366262e-05
290,2.9,0.007849714041924118,0.007849608565011655,1.3433323167624068e-05
291,2.91,0.007849706576786682,0.007849600715407013,1.34822881222237e-05
292,2.92,0.007849699111755511,0.007849592865810223,1.353126561044984e-05
293,2.93,0.007849691646830333,0.007849585016221282,1.3580255598058214e-05
294,2.94,0.007849684182010873,0.007849577166640191,1.3629258049920817e-05
295,2.95,0.007849676717297019,0.007849569317066948,1.367827295211901e-05
296,2.96,0.00784966925268851,0.007849561467501556,1.3727300271071309e-05
297,2.97,0.007849661788185058,0.007849553617944014,1.3776339969882263e-05
298,2.98,0.007849654323786545,0.00784954576839432,1.382539203419137e-05
299,2.99,0.007849646859492767,0.007849537918852477,1.3874456437266002e-05
300,3.0,0.007849639395303408,0.007849530069318484,1.392353313933861e-05
301,3.0100000000000002,0.007849631931218315,0.007849522219792338,1.3972622120967282e-05
302,3.02,0.007849624467237307,0.007849514370274042,1.4021723358954279e-05
303,3.0300000000000002,0.007849617003360112,0.007849506520763598,1.4070836818392535e-05
304,3.04,0.007849609539586602,0.007849498671261002,1.4119962483375026e-05
305,3.0500000000000003,0.007849602075916487,0.007849490821766256,1.4169100316785379e-05
306,3.06,0.007849594612349613,0.007849482972279357,1.4218250299402608e-05
307,3.0700000000000003,0.00784958714888576,0.007849475122800311,1.4267412402284777e-05
308,3.08,0.007849579685524728,0.007849467273329113,1.4316586600908567e-05
309,3.09,0.007849572222266264,0.007849459423865765,1.4365772862576213e-05
310,3.1,0.007849564759110242,0.007849451574410264,1.4414971171601627e-05
311,3.11,0.007849557296056428,0.007849443724962615,1.4464181497717286e-05
312,3.12,0.007849549833104654,0.007849435875522814,1.4513403819934765e-05
313,3.13,0.007849542370254656,0.007849428026090864,1.4562638104230712e-05
314,3.14,0.007849534907506287,0.007849420176666762,1.4611884332267873e-05
315,3.15,0.007849527444859358,0.007849412327250511,1.4661142479522927e-05
316,3.16,0.007849519982313646,0.007849404477842109,1.4710412518158585e-05
317,3.17,0.007849512519868969,0.007849396628441556,1.4759694424535255e-05
318,3.18,0.00784950505752511,0.00784938877904885,1.4808988171478444e-05
319,3.19,0.007849497595281895,0.007849380929663998,1.4858293736232275e-05
320,3.2,0.007849490133139143,0.007849373080286992,1.4907611096261808e-05
321,3.21,0.007849482671096631,0.007849365230917836,1.4956940223066962e-05
322,3.22,0.00784947520915419,0.00784935738155653,1.5006281094775589e-05
323,3.23,0.00784946774731169,0.007849349532203074,1.5055633695259738e-05
324,3.24,0.00784946028556885,0.007849341682857466,1.5104997988507685e-05
325,3.25,0.00784945282392554,0.007849333833519708,1.5154373957949618e-05
326,3.2600000000000002,0.007849445362381515,0.007849325984189798,1.5203761572655221e-05
327,3.27,0.007849437900936652,0.00784931813486774,1.5253160816496548e-05
328,3.2800000000000002,0.00784943043959076,0.007849310285553529,1.5302571665613065e-05
329,3.29,0.007849422978343604,0.007849302436247168,1.535199408973725e-05
330,3.3000000000000003,0.007849415517195113,0.007849294586948656,1.5401428080031872e-05
331,3.31,0.00784940805614497,0.007849286737657994,1.5450873595845663e-05
332,3.3200000000000003,0.007849400595193075,0.00784927888837518,1.5500330625027418e-05
333,3.33,0.007849393134339251,0.007849271039100218,1.554979914437941e-05
334,3.34,0.007849385673583287,0.007849263189833103,1.5599279127389938e-05
335,3.35,0.007849378212925057,0.007849255340573838,1.5648770557931047e-05
336,3.36,0.007849370752364348,0.007849247491322422,1.569827340882825e-05
337,3.37,0.007849363291900946,0.007849239642078855,1.5747787653127986e-05
338,3.38,0.007849355831534753,0.007849231792843137,1.579731327801627e-05
339,3.39,0.007849348371265516,0.007849223943615268,1.5846850251237195e-05
340,3.4,0.007849340911093114,0.007849216094395251,1.589639855732561e-05
341,3.41,0.007849333451017423,0.00784920824518308,1.5945958181037285e-05
342,3.42,0.007849325991038148,0.00784920039597876,1.599552908415119e-05
343,3.43,0.0078493185311552,0.00784919254678229,1.604511125584171e-05
344,3.44,0.007849311071368418,0.007849184697593667,1.6094704675120422e-05
345,3.45,0.007849303611677618,0.007849176848412893,1.614430931923145e-05
346,3.46,0.00784929615208263,0.00784916899923997,1.619392516563985e-05
347,3.47,0.007849288692583266,0.007849161150074896,1.6243552191147882e-05
348,3.48,0.007849281233179373,0.007849153300917669,1.6293190376092706e-05
349,3.49,0.007849273773870843,0.007849145451768293,1.634283970633475e-05
350,3.5,0.00784926631465737,0.007849137602626767,1.639250014321112e-05
351,3.5100000000000002,0.007849258855538886,0.007849129753493087,1.644217167832644e-05
352,3.52,0.007849251396515305,0.007849121904367259,1.6491854300192313e-05
353,3.5300000000000002,0.007849243937586273,0.00784911405524928,1.654154796395978e-05
354,3.54,0.0078492364787518,0.007849106206139147,1.659125267117536e-05
355,3.5500000000000003,0.007849229020011679,0.007849098357036868,1.6640968394885484e-05
356,3.56,0.007849221561365692,0.007849090507942434,1.669069510791567e-05
357,3.5700000000000003,0.007849214102813794,0.00784908265885585,1.6740432804300776e-05
358,3.58,0.00784920664435568,0.007849074809777116,1.679018144515699e-05
359,3.59,0.007849199185991342,0.007849066960706232,1.6839941029158716e-05
360,3.6,0.00784919172772049,0.007849059111643195,1.6889711520073302e-05
361,3.61,0.00784918426954302,0.007849051262588008,1.693949290420304e-05
362,3.62,0.007849176811458771,0.00784904341354067,1.6989285161001362e-05
363,3.63,0.007849169353467687,0.007849035564501181,1.7039088283619412e-05
364,3.64,0.007849161895569473,0.007849027715469541,1.708890223427802e-05
365,3.65,0.007849154437764062,0.00784901986644575,1.713872700436088e-05
366,3.66,0.00784914698005124,0.007849012017429808,1.7188562566914438e-05
367,3.67,0.00784913952243093,0.007849004168421716,1.7238408911996806e-05
368,3.68,0.007849132064902896,0.00784899631942147,1.7288266009561385e-05
369,3.69,0.007849124607467055,0.007848988470429077,1.7338133848782575e-05
370,3.7,0.00784911715012319,0.007848980621444531,1.7388012402485875e-05
371,3.71,0.00784910969287126,0.007848972772467834,1.7437901665148018e-05
372,3.72,0.007849102235711024,0.007848964923498986,1.7487801606059624e-05
373,3.73,0.007849094778642379,0.007848957074537985,1.75377122124067e-05
374,3.74,0.00784908732166517,0.007848949225584836,1.7587633463863612e-05
375,3.75,0.007849079864779292,0.007848941376639535,1.7637565347616375e-05
376,3.7600000000000002,0.007849072407984447,0.007848933527702082,1.7687507825664883e-05
377,3.77,0.007849064951280672,0.007848925678772479,1.773746090242775e-05
378,3.7800000000000002,0.007849057494667728,0.007848917829850727,1.7787424547416534e-05
379,3.79,0.007849050038145513,0.00784890998093682,1.7837398748038168e-05
380,3.8000000000000003,0.007849042581713888,0.007848902132030764,1.7887383486397256e-05
381,3.81,0.007849035125372614,0.007848894283132556,1.793737873222628e-05
382,3.8200000000000003,0.007849027669121744,0.007848886434242197,1.7987384491932232e-05
383,3.83,0.007849020212960942,0.007848878585359688,1.803740072287546e-05
384,3.84,0.007849012756890135,0.007848870736485027,1.8087427415776872e-05
385,3.85,0.00784900530090923,0.007848862887618215,1.8137464558927137e-05
386,3.86,0.007848997845018066,0.007848855038759251,1.8187512131558753e-05
387,3.87,0.007848990389216432,0.007848847189908137,1.8237570106939093e-05
388,3.88,0.00784898293350437,0.007848839341064872,1.8287638490370495e-05
389,3.89,0.00784897547788149,0.007848831492229456,1.8337717232364457e-05
390,3.9,0.007848968022347868,0.007848823643401887,1.8387806342421004e-05
391,3.91,0.007848960566903311,0.007848815794582168,1.8437905796016812e-05
392,3.92,0.007848953111547687,0.007848807945770298,1.8488015576140214e-05
393,3.93,0.007848945656280802,0.007848800096966277,1.853813565848881e-05
394,3.94,0.007848938201102528,0.007848792248170105,1.8588266026492795e-05
395,3.95,0.007848930746012835,0.00784878439938178,1.8638406676396345e-05
396,3.96,0.007848923291011481,0.007848776550601306,1.868855757726914e-05
397,3.97,0.007848915836098412,0.00784876870182868,1.873871872248326e-05
398,3.98,0.007848908381273402,0.007848760853063902,1.8788890082875836e-05
399,3.99,0.007848900926536506,0.007848753004306973,1.8839071665958514e-05
400,4.0,0.007848893471887395,0.007848745155557894,1.8889263429312575e-05
401,4.01,0.007848886017326003,0.007848737306816662,1.8939465364984513e-05
402,4.0200000000000005,0.007848878562852274,0.00784872945808328,1.898967746546268e-05
403,4.03,0.007848871108466016,0.007848721609357746,1.9039899706665613e-05
404,4.04,0.007848863654167018,0.00784871376064006,1.9090132061639753e-05
405,4.05,0.007848856199955373,0.007848705911930225,1.914037454165257e-05
406,4.0600000000000005,0.007848848745830738,0.007848698063228236,1.919062710384349e-05
407,4.07,0.007848841291793163,0.007848690214534099,1.924088975395671e-05
408,4.08,0.007848833837842397,0.007848682365847808,1.9291162460620053e-05
409,4.09,0.00784882638397832,0.007848674517169366,1.93414452079265e-05
410,4.1,0.007848818930200882,0.007848666668498773,1.9391737990131856e-05
411,4.11,0.007848811476509884,0.00784865881983603,1.9442040781166273e-05
412,4.12,0.007848804022905356,0.007848650971181134,1.9492353585448375e-05
413,4.13,0.007848796569386963,0.007848643122534088,1.9542676360117578e-05
414,4.14,0.007848789115954751,0.007848635273894889,1.959300911113902e-05
415,4.15,0.007848781662608533,0.00784862742526354,1.9643351814431234e-05
416,4.16,0.007848774209348154,0.007848619576640039,1.9693704450552314e-05
417,4.17,0.007848766756173561,0.007848611728024386,1.9744067012653398e-05
418,4.18,0.007848759303084535,0.007848603879416582,1.979443947267628e-05
419,4.19,0.007848751850081118,0.007848596030816626,1.984482183614422e-05
420,4.2,0.007848744397163035,0.00784858818222452,1.989521406792923e-05
421,4.21,0.007848736944330283,0.007848580333640262,1.9945616167810367e-05
422,4.22,0.007848729491582706,0.007848572485063854,1.9996028115682935e-05
423,4.23,0.007848722038920153,0.007848564636495293,2.0046449892546876e-05
424,4.24,0.007848714586342563,0.00784855678793458,2.0096881490669617e-05
425,4.25,0.007848707133849794,0.007848548939381717,2.0147322891713897e-05
426,4.26,0.007848699681441721,0.007848541090836702,2.019777407999363e-05
427,4.2700000000000005,0.007848692229118246,0.007848533242299534,2.0248235042915754e-05
428,4.28,0.007848684776879269,0.007848525393770216,2.0298705767666285e-05
429,4.29,0.007848677324724636,0.007848517545248748,2.034918623458238e-05
430,4.3,0.007848669872654295,0.007848509696735126,2.0399676437477977e-05
431,4.3100000000000005,0.007848662420668064,0.007848501848229354,2.0450176352713475e-05
432,4.32,0.007848654968765861,0.00784849399973143,2.0500685970126056e-05
433,4.33,0.00784864751694764,0.007848486151241355,2.0551205283529657e-05
434,4.34,0.007848640065213196,0.007848478302759128,2.0601734267296306e-05
435,4.3500000000000005,0.007848632613562457,0.007848470454284748,2.0652272911925977e-05
436,4.36,0.007848625161995325,0.007848462605818219,2.070282120482561e-05
437,4.37,0.007848617710511685,0.007848454757359537,2.07533791316347e-05
438,4.38,0.00784861025911139,0.007848446908908704,2.0803946673574134e-05
439,4.39,0.007848602807794407,0.00784843906046572,2.085452382644622e-05
440,4.4,0.00784859535656058,0.007848431212030584,2.0905110570146257e-05
441,4.41,0.007848587905409807,0.007848423363603295,2.0955706892081185e-05
442,4.42,0.007848580454342013,0.007848415515183855,2.1006312782530052e-05
443,4.43,0.007848573003357026,0.007848407666772266,2.105692821917884e-05
444,4.44,0.007848565552454816,0.007848399818368523,2.1107553198934523e-05
445,4.45,0.007848558101635214,0.007848391969972628,2.1158187699924942e-05
446,4.46,0.007848550650898175,0.007848384121584583,2.1208831716184972e-05
447,4.47,0.007848543200243523,0.007848376273204385,2.1259485225621528e-05
448,4.48,0.00784853574967124,0.007848368424832036,2.13101482260253e-05
449,4.49,0.007848528299181172,0.007848360576467536,2.1360820697291588e-05
450,4.5,0.007848520848773263,0.007848352728110883,2.1411502632792462e-05
451,4.51,0.007848513398447334,0.00784834487976208,2.1462194009551116e-05
452,4.5200000000000005,0.007848505948203379,0.007848337031421123,2.1512894826904763e-05
453,4.53,0.007848498498041218,0.007848329183088016,2.1563605061655665e-05
454,4.54,0.007848491047960785,0.007848321334762758,2.161432470562938e-05
455,4.55,0.007848483597961975,0.007848313486445347,2.1665053745349124e-05
456,4.5600000000000005,0.0078484761480447,0.007848305638135784,2.1715792169768362e-05
457,4.57,0.007848468698208832,0.00784829778983407,2.176653996231728e-05
458,4.58,0.007848461248454286,0.007848289941540205,2.18172971123912e-05
459,4.59,0.007848453798781059,0.007848282093254187,2.1868063619548257e-05
460,4.6000000000000005,0.007848446349188846,0.007848274244976017,2.191883944512556e-05
461,4.61,0.007848438899677731,0.007848266396705697,2.1969624599285927e-05
462,4.62,0.00784843145024756,0.007848258548443225,2.2020419062808373e-05
463,4.63,0.007848424000898198,0.007848250700188601,2.207122281868123e-05
464,4.64,0.007848416551629626,0.007848242851941824,2.2122035864253322e-05
465,4.65,0.00784840910244175,0.007848235003702898,2.2172858187373457e-05
466,4.66,0.007848401653334369,0.007848227155471817,2.2223689762855523e-05
467,4.67,0.007848394204307491,0.007848219307248586,2.227453059136231e-05
468,4.68,0.007848386755360988,0.007848211459033203,2.2325380656765868e-05
469,4.69,0.007848379306494803,0.007848203610825668,2.237623995177548e-05
470,4.7,0.007848371857708753,0.007848195762625982,2.242710845297248e-05
471,4.71,0.007848364409002877,0.007848187914434143,2.2477986165659206e-05
472,4.72,0.007848356960376895,0.007848180066250153,2.2528873053823936e-05
473,4.73,0.007848349511830935,0.00784817221807401,2.2579769133815548e-05
474,4.74,0.007848342063364773,0.007848164369905717,2.2630674377354898e-05
475,4.75,0.00784833461497837,0.00784815652174527,2.268158877936058e-05
476,4.76,0.007848327166671585,0.007848148673592672,2.273251232171626e-05
477,4.7700000000000005,0.007848319718444402,0.007848140825447922,2.2783445002654495e-05
478,4.78,0.007848312270296646,0.007848132977311023,2.2834386799198484e-05
479,4.79,0.007848304822228303,0.007848125129181968,2.2885337710685427e-05
480,4.8,0.007848297374239224,0.007848117281060763,2.2936297717231553e-05
481,4.8100000000000005,0.007848289926329433,0.007848109432947406,2.2987266822371755e-05
482,4.82,0.007848282478498685,0.007848101584841897,2.303824499473386e-05
483,4.83,0.00784827503074701,0.007848093736744237,2.3089232237852754e-05
484,4.84,0.007848267583074296,0.007848085888654424,2.3140228538251663e-05
485,4.8500000000000005,0.007848260135480435,0.00784807804057246,2.3191233881349148e-05
486,4.86,0.007848252687965396,0.007848070192498342,2.324224826383125e-05
487,4.87,0.007848245240529015,0.007848062344432074,2.329327166426768e-05
488,4.88,0.007848237793171259,0.007848054496373654,2.3344304078681677e-05
489,4.89,0.007848230345892049,0.007848046648323082,2.339534549713136e-05
490,4.9,0.007848222898691248,0.007848038800280357,2.3446395902163194e-05
491,4.91,0.007848215451568842,0.007848030952245481,2.3497455291788797e-05
492,4.92,0.007848208004524706,0.007848023104218452,2.3548523650322084e-05
493,4.93,0.007848200557558771,0.007848015256199272,2.359960096892582e-05
494,4.94,0.00784819311067098,0.00784800740818794,2.365068723986743e-05
495,4.95,0.007848185663861224,0.007847999560184456,2.3701782450111995e-05
496,4.96,0.007848178217129428,0.00784799171218882,2.3752886589496692e-05
497,4.97,0.007848170770475489,0.007847983864201031,2.3803999645207536e-05
498,4.98,0.007848163323899354,0.007847976016221092,2.385512161017474e-05
499,4.99,0.007848155877400944,0.007847968168248998,2.3906252474898286e-05
500,5.0,0.007848148430980221,0.007847960320284755,2.395739223385489e-05
501,5.01,0.007848140984637014,0.007847952472328359,2.4008540865614273e-05
502,5.0200000000000005,0.007848133538371308,0.00784794462437981,2.4059698368188055e-05
503,5.03,0.007848126092182984,0.007847936776439109,2.411086472677387e-05
504,5.04,0.007848118646072004,0.007847928928506257,2.4162039936069375e-05
505,5.05,0.007848111200038322,0.007847921080581252,2.4213223990330373e-05
506,5.0600000000000005,0.007848103754081785,0.007847913232664096,2.4264416870114952e-05
507,5.07,0.007848096308202369,0.007847905384754788,2.4315618572330077e-05
508,5.08,0.007848088862399934,0.007847897536853327,2.4366829079301286e-05
509,5.09,0.007848081416674547,0.007847889688959714,2.4418048399423947e-05
510,5.1000000000000005,0.007848073971025951,0.00784788184107395,2.4469276500000297e-05
511,5.11,0.00784806652545419,0.007847873993196032,2.452051338655361e-05
512,5.12,0.007848059079959151,0.007847866145325962,2.4571759045165245e-05
513,5.13,0.0078480516345408,0.007847858297463742,2.462301347053286e-05
514,5.14,0.007848044189199047,0.007847850449609367,2.4674276652272706e-05
515,5.15,0.00784803674393374,0.007847842601762842,2.472554857028008e-05
516,5.16,0.00784802929874494,0.007847834753924164,2.477682923250849e-05
517,5.17,0.007848021853632507,0.007847826906093334,2.482811862128347e-05
518,5.18,0.00784801440859633,0.007847819058270351,2.487941672268638e-05
519,5.19,0.007848006963636422,0.007847811210455217,2.4930723537600944e-05
520,5.2,0.007847999518752612,0.007847803362647931,2.4982039044817796e-05
521,5.21,0.007847992073944998,0.007847795514848491,2.503336325693e-05
522,5.22,0.007847984629213338,0.007847787667056901,2.5084696142786312e-05
523,5.23,0.007847977184557637,0.007847779819273159,2.5136037703049515e-05
524,5.24,0.00784796973997782,0.007847771971497263,2.5187387928440525e-05
525,5.25,0.007847962295473831,0.007847764123729215,2.5238746811668616e-05
526,5.26,0.007847954851045556,0.007847756275969014,2.529011433815236e-05
527,5.2700000000000005,0.007847947406692996,0.007847748428216663,2.5341490507891754e-05
528,5.28,0.007847939962416043,0.007847740580472159,2.5392875307410016e-05
529,5.29,0.007847932518214598,0.007847732732735502,2.5444268724114093e-05
530,5.3,0.007847925074088664,0.007847724885006693,2.5495670758224912e-05
531,5.3100000000000005,0.007847917630038125,0.007847717037285732,2.5547081394940112e-05
532,5.32,0.007847910186063001,0.00784770918957262,2.5598500636910862e-05
533,5.33,0.007847902742163066,0.007847701341867352,2.5649928455416154e-05
534,5.34,0.007847895298338417,0.007847693494169935,2.5701364862607182e-05
535,5.3500000000000005,0.007847887854588877,0.007847685646480364,2.5752809836169932e-05
536,5.36,0.007847880410914486,0.007847677798798643,2.5804263380964888e-05
537,5.37,0.00784787296731504,0.007847669951124767,2.585572547114314e-05
538,5.38,0.007847865523790663,0.00784766210345874,2.5907196122611706e-05
539,5.39,0.007847858080341096,0.00784765425580056,2.5958675302230962e-05
540,5.4,0.007847850636966431,0.007847646408150229,2.6010163021710246e-05
541,5.41,0.00784784319366653,0.007847638560507743,2.606165926359602e-05
542,5.42,0.007847835750441299,0.007847630712873107,2.6113164015737087e-05
543,5.43,0.007847828307290767,0.007847622865246318,2.6164677282110206e-05
544,5.44,0.007847820864214806,0.007847615017627376,2.6216199046145564e-05
545,5.45,0.007847813421213464,0.007847607170016282,2.626772931402922e-05
546,5.46,0.007847805978286488,0.007847599322413036,2.6319268053505282e-05
547,5.47,0.00784779853543396,0.007847591474817638,2.6370815275178422e-05
548,5.48,0.0078477910926558,0.007847583627230087,2.642237096844396e-05
549,5.49,0.007847783649951926,0.007847575779650383,2.6473935123580948e-05
550,5.5,0.007847776207322328,0.007847567932078527,2.652550773882193e-05
551,5.51,0.00784776876476688,0.00784756008451452,2.6577088797818033e-05
552,5.5200000000000005,0.007847761322285533,0.007847552236958358,2.662867829526691e-05
553,5.53,0.007847753879878273,0.007847544389410046,2.66802762285174e-05
554,5.54,0.00784774643754509,0.00784753654186958,2.673188259668577e-05
555,5.55,0.007847738995285788,0.007847528694336962,2.6783497374585915e-05
556,5.5600000000000005,0.007847731553100395,0.007847520846812192,2.6835120566194584e-05
557,5.57,0.00784772411098885,0.007847512999295269,2.6886752163337338e-05
558,5.58,0.007847716668951071,0.007847505151786192,2.6938392155851356e-05
559,5.59,0.0078477092269871,0.007847497304284965,2.6990040548818054e-05
560,5.6000000000000005,0.0078477017850967,0.007847489456791583,2.7041697312411766e-05
561,5.61,0.007847694343279983,0.00784748160930605,2.7093362460551136e-05
562,5.62,0.00784768690153685,0.007847473761828365,2.7145035980643105e-05
563,5.63,0.007847679459867236,0.007847465914358526,2.7196717864734164e-05
564,5.64,0.007847672018271069,0.007847458066896537,2.7248408103103358e-05
565,5.65,0.007847664576748271,0.007847450219442394,2.730010668647159e-05
566,5.66,0.007847657135298882,0.007847442371996098,2.735181361947841e-05
567,5.67,0.007847649693922766,0.00784743452455765,2.7403528885112143e-05
568,5.68,0.007847642252619923,0.007847426677127048,2.7455252483151862e-05
569,5.69,0.007847634811390279,0.007847418829704295,2.7506984404097534e-05
570,5.7,0.007847627370233805,0.00784741098228939,2.7558724644414274e-05
571,5.71,0.007847619929150385,0.00784740313488233,2.7610473189520643e-05
572,5.72,0.00784761248814005,0.007847395287483119,2.7662230042951533e-05
573,5.73,0.007847605047202732,0.007847387440091756,2.7713995196311577e-05
574,5.74,0.007847597606338333,0.007847379592708238,2.7765768637228646e-05
575,5.75,0.007847590165546923,0.00784737174533257,2.781755037409811e-05
576,5.76,0.00784758272482829,0.007847363897964749,2.7869340380408274e-05
577,5.7700000000000005,0.00784757528418245,0.007847356050604774,2.7921138658147514e-05
578,5.78,0.007847567843609382,0.007847348203252648,2.797294520444373e-05
579,5.79,0.007847560403109051,0.007847340355908368,2.8024760015099233e-05
580,5.8,0.007847552962681378,0.007847332508571935,2.8076583079951208e-05
581,5.8100000000000005,0.007847545522326317,0.007847324661243351,2.8128414392813594e-05
582,5.82,0.0078475380820438,0.007847316813922613,2.8180253945511945e-05
583,5.83,0.007847530641833857,0.007847308966609722,2.823210174180209e-05
584,5.84,0.007847523201696422,0.00784730111930468,2.828395777284679e-05
585,5.8500000000000005,0.007847515761631332,0.007847293272007484,2.833582201832042e-05
586,5.86,0.007847508321638693,0.007847285424718136,2.838769449147882e-05
587,5.87,0.007847500881718374,0.007847277577436635,2.843957517597311e-05
588,5.88,0.007847493441870336,0.007847269730162981,2.849146406650095e-05
589,5.89,0.007847486002094589,0.007847261882897175,2.854336116438793e-05
590,5.9,0.007847478562391024,0.007847254035639215,2.859526645593634e-05
591,5.91,0.007847471122759608,0.007847246188389103,2.8647179936727555e-05
592,5.92,0.007847463683200336,0.007847238341146838,2.869910160631972e-05
593,5.93,0.007847456243713214,0.00784723049391242,2.8751031465375623e-05
594,5.94,0.007847448804298019,0.00784722264668585,2.8802969485395192e-05
595,5.95,0.007847441364954931,0.007847214799467128,2.8854915689355228e-05
596,5.96,0.007847433925683737,0.007847206952256252,2.8906870050302177e-05
597,5.97,0.007847426486484482,0.007847199105053222,2.8958832573980237e-05
598,5.98,0.00784741904735704,0.007847191257858042,2.9010803243819594e-05
599,5.99,0.007847411608301477,0.007847183410670708,2.9062782068878415e-05
600,6.0,0.007847404169317758,0.00784717556349122,2.911476904451715e-05
601,6.01,0.00784739673040572,0.00784716771631958,2.9166764149747373e-05
602,6.0200000000000005,0.007847389291565386,0.007847159869155787,2.9218767387883046e-05
603,6.03,0.007847381852796778,0.007847152021999843,2.927077876113348e-05
604,6.04,0.00784737441409983,0.007847144174851743,2.932279826176609e-05
605,6.05,0.007847366975474447,0.007847136327711493,2.9374825877187822e-05
606,6.0600000000000005,0.007847359536920574,0.007847128480579089,2.9426861600549823e-05
607,6.07,0.007847352098438249,0.007847120633454531,2.9478905436933496e-05
608,6.08,0.007847344660027393,0.007847112786337821,2.95309573759551e-05
609,6.09,0.007847337221688044,0.007847104939228959,2.958301742247511e-05
610,6.1000000000000005,0.007847329783420072,0.007847097092127941,2.963508556036557e-05
611,6.11,0.007847322345223439,0.007847089245034775,2.9687161783882287e-05
612,6.12,0.007847314907098201,0.007847081397949453,2.9739246101199696e-05
613,6.13,0.007847307469044246,0.007847073550871978,2.9791338497515435e-05
614,6.140000000000001,0.00784730003106155,0.00784706570380235,2.9843438969957405e-05
615,6.15,0.007847292593150085,0.00784705785674057,2.9895547514548843e-05
616,6.16,0.007847285155309773,0.007847050009686638,2.9947664121568804e-05
617,6.17,0.007847277717540667,0.00784704216264055,2.9999788798307998e-05
618,6.18,0.007847270279842701,0.007847034315602313,3.0051921535487328e-05
619,6.19,0.00784726284221577,0.00784702646857192,3.0104062320292815e-05
620,6.2,0.007847255404659923,0.007847018621549375,3.0156211158910514e-05
621,6.21,0.007847247967175107,0.007847010774534677,3.0208368044491574e-05
622,6.22,0.007847240529761226,0.007847002927527826,3.02605329648848e-05
623,6.23,0.007847233092418394,0.007846995080528822,3.031270593445069e-05
624,6.24,0.00784722565514642,0.007846987233537665,3.036488692910779e-05
625,6.25,0.007847218217945411,0.007846979386554355,3.0417075962111947e-05
626,6.26,0.007847210780815194,0.007846971539578891,3.0469273011811945e-05
627,6.2700000000000005,0.007847203343755792,0.007846963692611276,3.0521478080858946e-05
628,6.28,0.007847195906767229,0.007846955845651506,3.0573691172566914e-05
629,6.29,0.007847188469849477,0.007846947998699585,3.0625912283180035e-05
630,6.3,0.007847181033002413,0.00784694015175551,3.0678141397233135e-05
631,6.3100000000000005,0.007847173596226064,0.00784693230481928,3.0730378518040187e-05
632,6.32,0.007847166159520367,0.007846924457890899,3.078262363742675e-05
633,6.33,0.007847158722885392,0.007846916610970365,3.083487676445099e-05
634,6.34,0.007847151286320976,0.007846908764057678,3.08871378783454e-05
635,6.3500000000000005,0.007847143849827135,0.007846900917152837,3.0939406981319295e-05
636,6.36,0.007847136413403873,0.007846893070255843,3.099168407359361e-05
637,6.37,0.007847128977051159,0.007846885223366696,3.104396915141251e-05
638,6.38,0.007847121540768918,0.007846877376485395,3.109626220527598e-05
639,6.390000000000001,0.007847114104557197,0.007846869529611944,3.114856324070728e-05
640,6.4,0.007847106668415907,0.007846861682746337,3.120087224710174e-05
641,6.41,0.00784709923234508,0.007846853835888578,3.125318922799425e-05
642,6.42,0.007847091796344585,0.007846845989038665,3.1305514166815e-05
643,6.43,0.007847084360414437,0.0078468381421966,3.135784706555236e-05
644,6.44,0.007847076924554695,0.007846830295362381,3.141018793171799e-05
645,6.45,0.007847069488765238,0.007846822448536009,3.1462536750067655e-05
646,6.46,0.007847062053046083,0.007846814601717484,3.15148935223688e-05
647,6.47,0.007847054617397209,0.007846806754906805,3.1567258246191194e-05
648,6.48,0.007847047181818516,0.007846798908103974,3.1619630908720846e-05
649,6.49,0.007847039746310088,0.00784679106130899,3.1672011520783355e-05
650,6.5,0.007847032310871837,0.007846783214521851,3.1724400071111266e-05
651,6.51,0.007847024875503747,0.00784677536774256,3.1776796557495266e-05
652,6.5200000000000005,0.007847017440205831,0.007846767520971116,3.182920098192373e-05
653,6.53,0.007847010004977992,0.007846759674207518,3.1881613331803594e-05
654,6.54,0.007847002569820254,0.007846751827451768,3.19340336102279e-05
655,6.55,0.00784699513473264,0.007846743980703863,3.1986461820289674e-05
656,6.5600000000000005,0.007846987699715017,0.007846736133963805,3.203889794475632e-05
657,6.57,0.007846980264767451,0.007846728287231595,3.209134199224413e-05
658,6.58,0.00784697282988983,0.007846720440507233,3.214379394817167e-05
659,6.59,0.007846965395082247,0.007846712593790715,3.219625382513201e-05
660,6.6000000000000005,0.00784695796034459,0.007846704747082045,3.224872160810184e-05
661,6.61,0.007846950525676905,0.007846696900381221,3.2301197303267225e-05
662,6.62,0.007846943091079119,0.007846689053688244,3.235368090134907e-05
663,6.63,0.007846935656551302,0.007846681207003114,3.240617241118462e-05
664,6.640000000000001,0.00784692822209322,0.00784667336032583,3.2458671802948205e-05
665,6.65,0.007846920787705108,0.007846665513656393,3.251117910668641e-05
666,6.66,0.007846913353386793,0.007846657666994803,3.256369430008523e-05
667,6.67,0.007846905919138279,0.007846649820341058,3.261621738424932e-05
668,6.68,0.007846898484959638,0.007846641973695162,3.266874836757405e-05
669,6.69,0.007846891050850699,0.007846634127057111,3.272128722885006e-05
670,6.7,0.0078468836168115,0.007846626280426908,3.27738339727169e-05
671,6.71,0.007846876182842128,0.007846618433804551,3.2826388610221104e-05
672,6.72,0.007846868748942373,0.00784661058719004,3.287895111485098e-05
673,6.73,0.007846861315112398,0.007846602740583375,3.2931521507153095e-05
674,6.74,0.007846853881352072,0.007846594893984558,3.29840997703367e-05
675,6.75,0.007846846447661421,0.007846587047393588,3.30366859079367e-05
676,6.76,0.007846839014040437,0.007846579200810463,3.308927991884842e-05
677,6.7700000000000005,0.007846831580489062,0.007846571354235186,3.314188179556023e-05
678,6.78,0.007846824147007301,0.007846563507667754,3.319449153917678e-05
679,6.79,0.007846816713595208,0.007846555661108172,3.3247109155884136e-05
680,6.8,0.007846809280252595,0.007846547814556433,3.329973462226362e-05
681,6.8100000000000005,0.007846801846979645,0.007846539968012541,3.335236796151298e-05
682,6.82,0.007846794413776163,0.007846532121476497,3.340500914866703e-05
683,6.83,0.007846786980642279,0.007846524274948299,3.345765820029557e-05
684,6.84,0.007846779547577893,0.007846516428427947,3.3510315103805566e-05
685,6.8500000000000005,0.007846772114583036,0.007846508581915441,3.356297986317375e-05
686,6.86,0.007846764681657613,0.007846500735410784,3.361565246602801e-05
687,6.87,0.007846757248801692,0.007846492888913972,3.3668332921205574e-05
688,6.88,0.007846749816015245,0.007846485042425006,3.3721021225171554e-05
689,6.890000000000001,0.00784674238329826,0.007846477195943885,3.3773717376600353e-05
690,6.9,0.00784673495065071,0.007846469349470614,3.382642137151523e-05
691,6.91,0.00784672751807251,0.007846461503005187,3.387913319953243e-05
692,6.92,0.0078467200855638,0.007846453656547608,3.393185287832642e-05
693,6.93,0.00784671265312446,0.007846445810097875,3.398458039243204e-05
694,6.94,0.007846705220754506,0.007846437963655988,3.4037315744279524e-05
695,6.95,0.007846697788453889,0.007846430117221947,3.409005892746189e-05
696,6.96,0.007846690356222675,0.007846422270795753,3.41428099503745e-05
697,6.97,0.007846682924060726,0.007846414424377406,3.41955687953429e-05
698,6.98,0.007846675491968201,0.007846406577966904,3.424833548291364e-05
699,6.99,0.007846668059944993,0.00784639873156425,3.430110999894716e-05
700,7.0,0.007846660627991026,0.007846390885169441,3.435389233416436e-05
701,7.01,0.007846653196106368,0.00784638303878248,3.440668249718155e-05
702,7.0200000000000005,0.007846645764291045,0.007846375192403363,3.4459480491312675e-05
703,7.03,0.007846638332544975,0.007846367346032095,3.451228630595307e-05
704,7.04,0.007846630900868195,0.007846359499668672,3.4565099945963213e-05
705,7.05,0.007846623469260652,0.007846351653313094,3.461792140471518e-05
706,7.0600000000000005,0.007846616037722331,0.007846343806965365,3.4670750679999646e-05
707,7.07,0.007846608606253302,0.007846335960625481,3.4723587780874794e-05
708,7.08,0.00784660117485348,0.007846328114293444,3.4776432696515005e-05
709,7.09,0.00784659374352287,0.007846320267969253,3.482928542758308e-05
710,7.1000000000000005,0.007846586312261409,0.007846312421652906,3.4882145966125494e-05
711,7.11,0.0078465788810692,0.00784630457534441,3.493501432495625e-05
712,7.12,0.007846571449946193,0.007846296729043757,3.49878904981102e-05
713,7.13,0.007846564018892391,0.00784628888275095,3.5040774485808294e-05
714,7.140000000000001,0.007846556587907718,0.007846281036465992,3.509366627810863e-05
715,7.15,0.007846549156992268,0.007846273190188878,3.5146565887383345e-05
716,7.16,0.00784654172614591,0.007846265343919611,3.5199473296620754e-05
717,7.17,0.007846534295368728,0.007846257497658191,3.525238851686741e-05
718,7.18,0.007846526864660709,0.007846249651404616,3.5305311546355854e-05
719,7.19,0.007846519434021839,0.007846241805158888,3.535824238309771e-05
720,7.2,0.007846512003452051,0.007846233958921004,3.5411181018918554e-05
721,7.21,0.007846504572951411,0.007846226112690969,3.5464127461771875e-05
722,7.22,0.007846497142519903,0.00784621826646878,3.551708170989024e-05
723,7.23,0.007846489712157498,0.007846210420254436,3.557004375951782e-05
724,7.24,0.0078464822818642,0.00784620257404794,3.562301361131741e-05
725,7.25,0.007846474851639982,0.007846194727849289,3.567599126153318e-05
726,7.26,0.007846467421484869,0.007846186881658484,3.572897671370003e-05
727,7.2700000000000005,0.007846459991398824,0.007846179035475525,3.578196996295748e-05
728,7.28,0.007846452561381861,0.007846171189300413,3.5834971011072976e-05
729,7.29,0.007846445131434027,0.007846163343133147,3.588797986401164e-05
730,7.3,0.007846437701555244,0.007846155496973727,3.594099651183161e-05
731,7.3100000000000005,0.007846430271745515,0.007846147650822153,3.599402095497472e-05
732,7.32,0.007846422842004867,0.007846139804678425,3.6047053196975886e-05
733,7.33,0.007846415412333258,0.007846131958542543,3.610009323231182e-05
734,7.34,0.007846407982730737,0.007846124112414508,3.615314106716859e-05
735,7.3500000000000005,0.007846400553197262,0.007846116266294318,3.62061966964648e-05
736,7.36,0.00784639312373279,0.007846108420181975,3.6259260114456226e-05
737,7.37,0.007846385694337417,0.007846100574077478,3.6312331333515014e-05
738,7.38,0.007846378265011054,0.007846092727980827,3.636541034237368e-05
739,7.390000000000001,0.007846370835753751,0.007846084881892023,3.641849714721829e-05
740,7.4,0.00784636340656545,0.007846077035811064,3.647159174075813e-05
741,7.41,0.007846355977446247,0.00784606918973795,3.652469413536533e-05
742,7.42,0.007846348548396073,0.007846061343672684,3.657780432198171e-05
743,7.43,0.007846341119414868,0.007846053497615264,3.6630922293095635e-05
744,7.44,0.007846333690502723,0.007846045651565688,3.6684048060416435e-05
745,7.45,0.007846326261659563,0.00784603780552396,3.673718161400223e-05
746,7.46,0.007846318832885474,0.007846029959490077,3.6790322965341406e-05
747,7.47,0.00784631140418043,0.007846022113464041,3.684347211067816e-05
748,7.48,0.00784630397554441,0.00784601426744585,3.689662904758223e-05
749,7.49,0.007846296546977317,0.007846006421435505,3.6949793763681514e-05
750,7.5,0.00784628911847931,0.007845998575433008,3.7002966279080705e-05
751,7.51,0.007846281690050281,0.007845990729438356,3.705614658008209e-05
752,7.5200000000000005,0.007846274261690316,0.00784598288345155,3.710933467773221e-05
753,7.53,0.007846266833399344,0.007845975037472589,3.7162530562972904e-05
754,7.54,0.007846259405177426,0.007845967191501473,3.721573424375768e-05
755,7.55,0.007846251977024465,0.007845959345538205,3.726894570727255e-05
756,7.5600000000000005,0.007846244548940593,0.007845951499582783,3.73221649705292e-05
757,7.57,0.00784623712092573,0.007845943653635206,3.737539202358573e-05
758,7.58,0.007846229692979845,0.007845935807695477,3.742862686202351e-05
759,7.59,0.00784622226510301,0.007845927961763591,3.7481869495563524e-05
760,7.6000000000000005,0.007846214837295168,0.007845920115839553,3.753511991647318e-05
761,7.61,0.007846207409556345,0.007845912269923358,3.75883781285083e-05
762,7.62,0.00784619998188652,0.007845904424015011,3.764164412857586e-05
763,7.63,0.00784619255428579,0.007845896578114511,3.769491792904798e-05
764,7.640000000000001,0.007846185126754017,0.007845888732221857,3.774819951269205e-05
765,7.65,0.0078461776992913,0.007845880886337047,3.780148889188021e-05
766,7.66,0.0078461702718976,0.007845873040460083,3.785478606175198e-05
767,7.67,0.007846162844572941,0.007845865194590965,3.7908091025400376e-05
768,7.68,0.00784615541731732,0.007845857348729694,3.7961403782162624e-05
769,7.69,0.007846147990130763,0.007845849502876269,3.80147243355736e-05
770,7.7,0.007846140563013195,0.007845841657030688,3.80680526761333e-05
771,7.71,0.00784613313596467,0.007845833811192953,3.812138881069056e-05
772,7.72,0.007846125708985179,0.007845825965363066,3.8174732737698876e-05
773,7.73,0.00784611828207476,0.007845818119541024,3.822808446268151e-05
774,7.74,0.007846110855233355,0.007845810273726828,3.828144397768496e-05
775,7.75,0.007846103428461024,0.007845802427920476,3.8334811290883665e-05
776,7.76,0.00784609600175773,0.007845794582121972,3.838818639697528e-05
777,7.7700000000000005,0.007846088575123518,0.00784578673633131,3.8441569302366805e-05
778,7.78,0.007846081148558325,0.007845778890548497,3.849495999844193e-05
779,7.79,0.007846073722062273,0.00784577104477353,3.854835850088675e-05
780,7.8,0.007846066295635246,0.007845763199006409,3.8601764794898905e-05
781,7.8100000000000005,0.007846058869277335,0.007845755353247132,3.8655178892408647e-05
782,7.82,0.00784605144298842,0.007845747507495702,3.8708600777729895e-05
783,7.83,0.007846044016768642,0.007845739661752118,3.8762030468978976e-05
784,7.84,0.007846036590617955,0.00784573181601638,3.881546796019075e-05
785,7.8500000000000005,0.007846029164536358,0.007845723970288486,3.8868913251586165e-05
786,7.86,0.007846021738523846,0.007845716124568438,3.892236634228148e-05
787,7.87,0.007846014312580404,0.007845708278856237,3.897582723028833e-05
788,7.88,0.007846006886706128,0.007845700433151881,3.90292959277579e-05
789,7.890000000000001,0.007845999460900931,0.00784569258745537,3.908277242408552e-05
790,7.9,0.007845992035164858,0.007845684741766706,3.9136256724573524e-05
791,7.91,0.007845984609497897,0.007845676896085887,3.91897488276754e-05
792,7.92,0.007845977183900017,0.007845669050412913,3.924324872985625e-05
793,7.930000000000001,0.00784596975837136,0.007845661204747787,3.929675644856961e-05
794,7.94,0.007845962332911826,0.007845653359090505,3.935027197166428e-05
795,7.95,0.007845954907521423,0.007845645513441067,3.9403795300024e-05
796,7.96,0.007845947482200192,0.007845637667799478,3.945732643850923e-05
797,7.97,0.007845940056948069,0.007845629822165733,3.9510865379387405e-05
798,7.98,0.007845932631765116,0.007845621976539832,3.956441213061203e-05
799,7.99,0.007845925206651392,0.00784561413092178,3.9617966699252884e-05
800,8.0,0.007845917781606792,0.007845606285311571,3.967152907227506e-05
801,8.01,0.007845910356631429,0.007845598439709209,3.972509926381812e-05
802,8.02,0.007845902931725247,0.007845590594114691,3.9778677267254144e-05
803,8.03,0.007845895506888205,0.00784558274852802,3.983226307683893e-05
804,8.040000000000001,0.007845888082120413,0.007845574902949194,3.9885856706712056e-05
805,8.05,0.007845880657421835,0.007845567057378214,3.993945815223397e-05
806,8.06,0.007845873232792424,0.00784555921181508,3.999306740766047e-05
807,8.07,0.00784586580823232,0.00784555136625979,4.004668449066602e-05
808,8.08,0.007845858383741426,0.007845543520712346,4.010030938909943e-05
809,8.09,0.00784585095931974,0.007845535675172748,4.015394210229791e-05
810,8.1,0.007845843534967313,0.007845527829640996,4.02075826371103e-05
811,8.11,0.007845836110684182,0.00784551998411709,4.0261230997955233e-05
812,8.120000000000001,0.00784582868647027,0.007845512138601029,4.0314887175332676e-05
813,8.13,0.0078458212623257,0.007845504293092812,4.0368551184928717e-05
814,8.14,0.007845813838250382,0.007845496447592443,4.042222301481309e-05
815,8.15,0.007845806414244332,0.007845488602099918,4.047590266741605e-05
816,8.16,0.007845798990307587,0.007845480756615238,4.052959014759805e-05
817,8.17,0.007845791566440193,0.007845472911138403,4.058328546088238e-05
818,8.18,0.007845784142642085,0.007845465065669415,4.063698859909459e-05
819,8.19,0.00784577671891329,0.007845457220208274,4.069069956554865e-05
820,8.2,0.007845769295253834,0.007845449374754976,4.074441836377944e-05
821,8.21,0.007845761871663732,0.007845441529309523,4.0798144995775353e-05
822,8.22,0.007845754448142976,0.007845433683871916,4.085187946021079e-05
823,8.23,0.007845747024691593,0.007845425838442156,4.090562176062066e-05
824,8.24,0.007845739601309625,0.00784541799302024,4.0959371902528215e-05
825,8.25,0.007845732177996986,0.00784541014760617,4.101312987488693e-05
826,8.26,0.007845724754753732,0.007845402302199945,4.106689568454565e-05
827,8.27,0.007845717331579884,0.007845394456801566,4.112066933459741e-05
828,8.28,0.007845709908475511,0.00784538661141103,4.117445083387945e-05
829,8.290000000000001,0.00784570248544048,0.007845378766028343,4.122824016493822e-05
830,8.3,0.007845695062474917,0.007845370920653499,4.128203734434354e-05
831,8.31,0.007845687639578765,0.007845363075286502,4.1335842364362837e-05
832,8.32,0.00784568021675208,0.007845355229927348,4.1389655232728684e-05
833,8.33,0.007845672793994844,0.00784534738457604,4.144347594656898e-05
834,8.34,0.007845665371307077,0.007845339539232579,4.1497304508755816e-05
835,8.35,0.007845657948688823,0.007845331693896963,4.155114092459155e-05
836,8.36,0.007845650526140061,0.007845323848569192,4.1604985191866865e-05
837,8.370000000000001,0.007845643103660729,0.007845316003249265,4.165883730240732e-05
838,8.38,0.007845635681250991,0.007845308157937185,4.171269727720135e-05
839,8.39,0.00784562825891075,0.007845300312632949,4.176656510387682e-05
840,8.4,0.007845620836640026,0.007845292467336559,4.1820440784643034e-05
841,8.41,0.007845613414438863,0.007845284622048015,4.187432432546514e-05
842,8.42,0.007845605992307238,0.007845276776767315,4.1928215723471024e-05
843,8.43,0.007845598570245192,0.007845268931494462,4.198211498352117e-05
844,8.44,0.007845591148252713,0.007845261086229452,4.203602210473186e-05
845,8.45,0.00784558372632982,0.007845253240972289,4.208993708887053e-05
846,8.46,0.007845576304476555,0.00784524539572297,4.214385994146045e-05
847,8.47,0.007845568882692899,0.007845237550481497,4.219779066029232e-05
848,8.48,0.007845561460978827,0.00784522970524787,4.2251729242052174e-05
849,8.49,0.0078455540393344,0.007845221860022088,4.230567569425166e-05
850,8.5,0.007845546617759646,0.007845214014804149,4.2359630021088466e-05
851,8.51,0.007845539196254511,0.007845206169594058,4.241359221505094e-05
852,8.52,0.007845531774819073,0.00784519832439181,4.2467562286522836e-05
853,8.53,0.007845524353453322,0.007845190479197408,4.252154023395763e-05
854,8.540000000000001,0.007845516932157267,0.007845182634010852,4.257552605845998e-05
855,8.55,0.007845509510930878,0.00784517478883214,4.2629519756495e-05
856,8.56,0.007845502089774192,0.007845166943661275,4.268352133248129e-05
857,8.57,0.007845494668687279,0.007845159098498254,4.273753079547704e-05
858,8.58,0.007845487247670084,0.007845151253343077,4.2791548138633364e-05
859,8.59,0.007845479826722653,0.007845143408195747,4.2845573367473556e-05
860,8.6,0.007845472405844937,0.007845135563056261,4.289960647603247e-05
861,8.61,0.007845464985037099,0.007845127717924621,4.295364748485668e-05
862,8.620000000000001,0.00784545756429893,0.007845119872800826,4.300769636765541e-05
863,8.63,0.007845450143630627,0.007845112027684875,4.3061753149172924e-05
864,8.64,0.007845442723032163,0.00784510418257677,4.311581782609525e-05
865,8.65,0.007845435302503511,0.00784509633747651,4.316989039510843e-05
866,8.66,0.007845427882044618,0.007845088492384094,4.3223970849363605e-05
867,8.67,0.007845420461655619,0.007845080647299524,4.327805920587245e-05
868,8.68,0.00784541304133653,0.0078450728022228,4.333215546684428e-05
869,8.69,0.00784540562108727,0.007845064957153921,4.338625962189534e-05
870,8.700000000000001,0.00784539820090796,0.007845057112092886,4.3440371686711714e-05
871,8.71,0.007845390780798439,0.007845049267039696,4.349449164052591e-05
872,8.72,0.007845383360758903,0.007845041421994351,4.3548619508303113e-05
873,8.73,0.007845375940789288,0.007845033576956852,4.360275528208981e-05
874,8.74,0.007845368520889613,0.007845025731927198,4.365689896387438e-05
875,8.75,0.007845361101059852,0.007845017886905389,4.371105055078472e-05
876,8.76,0.007845353681300137,0.007845010041891424,4.376521005961157e-05
877,8.77,0.007845346261610327,0.007845002196885305,4.381937747201768e-05
878,8.78,0.007845338841990502,0.007844994351887031,4.387355279860772e-05
879,8.790000000000001,0.007845331422440725,0.007844986506896601,4.392773604733521e-05
880,8.8,0.007845324002960976,0.007844978661914017,4.398192721532805e-05
881,8.81,0.007845316583551205,0.007844970816939276,4.403612629684202e-05
882,8.82,0.007845309164211512,0.007844962971972382,4.409033330402834e-05
883,8.83,0.00784530174494189,0.007844955127013333,4.414454823600326e-05
884,8.84,0.007845294325742302,0.007844947282062129,4.4198771088348194e-05
885,8.85,0.00784528690661279,0.007844939437118769,4.425300186636546e-05
886,8.86,0.007845279487553421,0.007844931592183255,4.430724057845043e-05
887,8.870000000000001,0.00784527206856414,0.007844923747255586,4.436148721775426e-05
888,8.88,0.007845264649645012,0.007844915902335759,4.441574179267231e-05
889,8.89,0.00784525723079592,0.00784490805742378,4.4470004287739434e-05
890,8.9,0.007845249812017044,0.007844900212519644,4.4524274726595215e-05
891,8.91,0.00784524239330837,0.007844892367623355,4.457855310703036e-05
892,8.92,0.00784523497466983,0.007844884522734909,4.4632839420428555e-05
893,8.93,0.00784522755610152,0.00784487667785431,4.4687133678941005e-05
894,8.94,0.007845220137603368,0.007844868832981553,4.474143587373047e-05
895,8.950000000000001,0.00784521271917546,0.007844860988116644,4.47957460151807e-05
896,8.96,0.007845205300817767,0.007844853143259578,4.48500641004196e-05
897,8.97,0.007845197882530333,0.007844845298410357,4.4904390134528574e-05
898,8.98,0.007845190464313184,0.007844837453568981,4.495872412060065e-05
899,8.99,0.007845183046166285,0.00784482960873545,4.5013066054659075e-05
900,9.0,0.00784517562808961,0.007844821763909764,4.5067415933168964e-05
901,9.01,0.007845168210083292,0.007844813919091921,4.512177377336291e-05
902,9.02,0.00784516079214732,0.007844806074281925,4.517613957325255e-05
903,9.03,0.007845153374281641,0.007844798229479774,4.523051332643087e-05
904,9.040000000000001,0.007845145956486296,0.007844790384685467,4.528489503820023e-05
905,9.05,0.007845138538761332,0.007844782539899004,4.533928471452574e-05
906,9.06,0.007845131121106694,0.007844774695120387,4.539368234811671e-05
907,9.07,0.007845123703522526,0.007844766850349613,4.5448087957752236e-05
908,9.08,0.007845116286008643,0.007844759005586685,4.55025015195718e-05
909,9.09,0.007845108868565263,0.007844751160831602,4.555692306141268e-05
910,9.1,0.007845101451192278,0.007844743316084365,4.5611352569356245e-05
911,9.11,0.007845094033889746,0.00784473547134497,4.566579005113507e-05
912,9.120000000000001,0.007845086616657625,0.007844727626613422,4.572023550122588e-05
913,9.13,0.007845079199496025,0.007844719781889718,4.5774688933547315e-05
914,9.14,0.007845071782404855,0.007844711937173858,4.5829150336610976e-05
915,9.15,0.007845064365384229,0.007844704092465843,4.58836197249983e-05
916,9.16,0.007845056948434102,0.007844696247765673,4.593809709296508e-05
917,9.17,0.007845049531554467,0.007844688403073348,4.5992582439406664e-05
918,9.18,0.007845042114745421,0.007844680558388866,4.604707577713704e-05
919,9.19,0.00784503469800687,0.00784467271371223,4.610157709356316e-05
920,9.200000000000001,0.007845027281338854,0.007844664869043439,4.615608639420828e-05
921,9.21,0.007845019864741518,0.007844657024382492,4.621060369740966e-05
922,9.22,0.00784501244821468,0.00784464917972939,4.6265128980190506e-05
923,9.23,0.007845005031758497,0.007844641335084133,4.631966226199272e-05
924,9.24,0.007844997615372948,0.00784463349044672,4.637420354082793e-05
925,9.25,0.007844990199058023,0.007844625645817152,4.6428752814928685e-05
926,9.26,0.007844982782813724,0.00784461780119543,4.648331008473685e-05
927,9.27,0.00784497536664013,0.00784460995658155,4.6537875360415235e-05
928,9.28,0.00784496795053724,0.007844602111975515,4.6592448641963854e-05
929,9.290000000000001,0.007844960534504924,0.007844594267377325,4.6647029912371024e-05
930,9.3,0.007844953118543406,0.007844586422786981,4.670161920013682e-05
931,9.31,0.007844945702652586,0.00784457857820448,4.675621649311006e-05
932,9.32,0.007844938286832479,0.007844570733629824,4.681082179283724e-05
933,9.33,0.007844930871083131,0.007844562889063014,4.6865435105062575e-05
934,9.34,0.00784492345540456,0.007844555044504046,4.692005643243723e-05
935,9.35,0.007844916039796769,0.007844547199952924,4.6974685774961206e-05
936,9.36,0.00784490862425973,0.007844539355409645,4.7029323129541475e-05
937,9.370000000000001,0.007844901208793522,0.007844531510874213,4.708396850567806e-05
938,9.38,0.007844893793398172,0.007844523666346625,4.713862190712678e-05
939,9.39,0.007844886378073545,0.00784451582182688,4.7193283316655035e-05
940,9.4,0.007844878962819823,0.007844507977314981,4.724795275746056e-05
941,9.41,0.007844871547636995,0.007844500132810926,4.7302630227996847e-05
942,9.42,0.007844864132525033,0.007844492288314716,4.735731572494992e-05
943,9.43,0.007844856717483932,0.00784448444382635,4.7412009247656995e-05
944,9.44,0.00784484930251374,0.007844476599345828,4.7466710802083204e-05
945,9.450000000000001,0.007844841887614423,0.00784446875487315,4.752142038380993e-05
946,9.46,0.007844834472786093,0.007844460910408317,4.757613800741861e-05
947,9.47,0.007844827058028674,0.007844453065951329,4.763086366296735e-05
948,9.48,0.007844819643342193,0.007844445221502187,4.7685597353770115e-05
949,9.49,0.007844812228726704,0.007844437377060887,4.7740339087117624e-05
950,9.5,0.007844804814182184,0.007844429532627432,4.7795088859916847e-05
951,9.51,0.00784479739970871,0.007844421688201821,4.784984668188874e-05
952,9.52,0.007844789985306192,0.007844413843784055,4.7904612541765825e-05
953,9.53,0.007844782570974743,0.007844405999374134,4.795938645346675e-05
954,9.540000000000001,0.007844775156714306,0.007844398154972057,4.801416841036358e-05
955,9.55,0.007844767742524907,0.007844390310577824,4.806895841532843e-05
956,9.56,0.007844760328406601,0.007844382466191435,4.812375647565201e-05
957,9.57,0.00784475291435939,0.007844374621812892,4.81785625911134e-05
958,9.58,0.007844745500383228,0.007844366777442192,4.823337675641023e-05
959,9.59,0.007844738086478219,0.007844358933079337,4.8288198984577455e-05
960,9.6,0.007844730672644276,0.007844351088724326,4.834302926456851e-05
961,9.61,0.007844723258881485,0.00784434324437716,4.839786760720902e-05
962,9.620000000000001,0.00784471584518985,0.007844335400037837,4.845271401316177e-05
963,9.63,0.007844708431569388,0.00784432755570636,4.850756848441513e-05
964,9.64,0.007844701018020074,0.007844319711382726,4.856243101787608e-05
965,9.65,0.007844693604541954,0.007844311867066937,4.8617301619509756e-05
966,9.66,0.007844686191135044,0.00784430402275899,4.867218029130452e-05
967,9.67,0.007844678777799345,0.00784429617845889,4.872706703326038e-05
968,9.68,0.007844671364534875,0.007844288334166635,4.878196184780758e-05
969,9.69,0.00784466395134166,0.007844280489882222,4.8836864738260074e-05
970,9.700000000000001,0.007844656538219676,0.007844272645605655,4.889177570130391e-05
971,9.71,0.007844649125168999,0.007844264801336931,4.8946694747101884e-05
972,9.72,0.007844641712189526,0.007844256957076051,4.9001621862177245e-05
973,9.73,0.007844634299281419,0.007844249112823018,4.9056557067076535e-05
974,9.74,0.007844626886444514,0.007844241268577827,4.91115003412532e-05
975,9.75,0.007844619473679062,0.00784423342434048,4.916645171652128e-05
976,9.76,0.00784461206098483,0.007844225580110978,4.922141116327604e-05
977,9.77,0.007844604648362029,0.007844217735889319,4.927637870825012e-05
978,9.78,0.007844597235810508,0.007844209891675506,4.933135433222251e-05
979,9.790000000000001,0.00784458982333047,0.007844202047469537,4.938633806104215e-05
980,9.8,0.007844582410921749,0.00784419420327141,4.9441329873720594e-05
981,9.81,0.007844574998584425,0.00784418635908113,4.9496329780199725e-05
982,9.82,0.007844567586318492,0.007844178514898693,4.95513377800377e-05
983,9.83,0.007844560174124016,0.007844170670724099,4.960635388162987e-05
984,9.84,0.007844552762000953,0.00784416282655735,4.966137807901111e-05
985,9.85,0.00784454534994932,0.007844154982398446,4.9716410374390736e-05
986,9.86,0.007844537937969152,0.007844147138247387,4.977145077262922e-05
987,9.870000000000001,0.0078445305260605,0.00784413929410417,4.982649927991262e-05
988,9.88,0.007844523114223335,0.007844131449968797,4.988155589270605e-05
989,9.89,0.00784451570245761,0.007844123605841271,4.9936620604602516e-05
990,9.9,0.007844508290763485,0.007844115761721587,4.999169343659044e-05
991,9.91,0.007844500879140794,0.007844107917609746,5.004677436746047e-05
992,9.92,0.007844493467589683,0.007844100073505752,5.0101863415328925e-05
993,9.93,0.00784448605611008,0.0078440922294096,5.0156960571358585e-05
994,9.94,0.007844478644702123,0.007844084385321292,5.021206585322391e-05
995,9.950000000000001,0.007844471233365659,0.007844076541240828,5.0267179241041116e-05
996,9.96,0.007844463822100802,0.00784406869716821,5.032230074961258e-05
997,9.97,0.00784445641090753,0.007844060853103435,5.03774303760662e-05
998,9.98,0.007844448999785873,0.007844053009046503,5.0432568124378726e-05
999,9.99,0.00784444158873584,0.007844045164997416,5.0487713995654815e-05
1000,10.0,0.007844434177757419,0.007844037320956175,5.054286798790609e-05
